{"isStage":false,"name":"bird","variables":{},"lists":{},"broadcasts":{},"blocks":{"}!OR.BHNY}hyBM]oQP6S":{"opcode":"event_whenbroadcastreceived","next":"1f%m8%531UNS7bC[j=Nu","parent":null,"inputs":{},"fields":{"BROADCAST_OPTION":["gameover","broadcastMsgId-gameover"]},"shadow":false,"topLevel":true,"x":352,"y":733},"1f%m8%531UNS7bC[j=Nu":{"opcode":"looks_hide","next":null,"parent":"}!OR.BHNY}hyBM]oQP6S","inputs":{},"fields":{},"shadow":false,"topLevel":false},"udNcy=u~b1.H|wc~a)A7":{"opcode":"event_whenkeypressed","next":":Z^[/yq.w7`Z2vc7c/DB","parent":null,"inputs":{},"fields":{"KEY_OPTION":["space"]},"shadow":false,"topLevel":true,"x":20,"y":36},":Z^[/yq.w7`Z2vc7c/DB":{"opcode":"sound_play","next":"s.(n3y`{|`G:@{HK||oD","parent":"udNcy=u~b1.H|wc~a)A7","inputs":{"SOUND_MENU":[1,")bYd=^O_}kO!4Wrj{2mD"]},"fields":{},"shadow":false,"topLevel":false},")bYd=^O_}kO!4Wrj{2mD":{"opcode":"sound_sounds_menu","next":null,"parent":":Z^[/yq.w7`Z2vc7c/DB","inputs":{},"fields":{"SOUND_MENU":["Flap"]},"shadow":true,"topLevel":false},"s.(n3y`{|`G:@{HK||oD":{"opcode":"event_broadcast","next":"yyBP*tT7f0A=31n*S0=t","parent":":Z^[/yq.w7`Z2vc7c/DB","inputs":{"BROADCAST_INPUT":[1,[11,"vola","broadcastMsgId-vola"]]},"fields":{},"shadow":false,"topLevel":false},"yyBP*tT7f0A=31n*S0=t":{"opcode":"data_setvariableto","next":"@S*]BIv.+Zxju@-%=*VX","parent":"s.(n3y`{|`G:@{HK||oD","inputs":{"VALUE":[1,[10,"15"]]},"fields":{"VARIABLE":["salto","nF^WZ1nY#QZ+ygG{rGA]-salto-"]},"shadow":false,"topLevel":false},"@S*]BIv.+Zxju@-%=*VX":{"opcode":"motion_changeyby","next":"b2r~Hrvq51rZHX/7%5#p","parent":"yyBP*tT7f0A=31n*S0=t","inputs":{"DY":[3,[12,"salto","nF^WZ1nY#QZ+ygG{rGA]-salto-"],[4,10]]},"fields":{},"shadow":false,"topLevel":false},"b2r~Hrvq51rZHX/7%5#p":{"opcode":"data_setvariableto","next":"s9TD{,2DDrp,AO%fAC/}","parent":"@S*]BIv.+Zxju@-%=*VX","inputs":{"VALUE":[1,[10,"45"]]},"fields":{"VARIABLE":["direzione","nF^WZ1nY#QZ+ygG{rGA]-direzione-"]},"shadow":false,"topLevel":false},"s9TD{,2DDrp,AO%fAC/}":{"opcode":"motion_pointindirection","next":null,"parent":"b2r~Hrvq51rZHX/7%5#p","inputs":{"DIRECTION":[3,[12,"direzione","nF^WZ1nY#QZ+ygG{rGA]-direzione-"],[8,10]]},"fields":{},"shadow":false,"topLevel":false},"7aVE3av`E4iS?@Qx^)Bt":{"opcode":"event_whenbroadcastreceived","next":"t]pDq7}iiwuZ]4Y8NFvz","parent":null,"inputs":{},"fields":{"BROADCAST_OPTION":["vola","broadcastMsgId-vola"]},"shadow":false,"topLevel":true,"x":24,"y":553},"t]pDq7}iiwuZ]4Y8NFvz":{"opcode":"data_setvariableto","next":"iW%`LPwoy{JX_ik6[;Cu","parent":"7aVE3av`E4iS?@Qx^)Bt","inputs":{"VALUE":[1,[10,"75"]]},"fields":{"VARIABLE":["direzione","nF^WZ1nY#QZ+ygG{rGA]-direzione-"]},"shadow":false,"topLevel":false},"iW%`LPwoy{JX_ik6[;Cu":{"opcode":"control_forever","next":null,"parent":"t]pDq7}iiwuZ]4Y8NFvz","inputs":{"SUBSTACK":[2,"{:X9`=s@sAcMuOG3`o[4"]},"fields":{},"shadow":false,"topLevel":false},"{:X9`=s@sAcMuOG3`o[4":{"opcode":"data_changevariableby","next":"j*HLK,xY%EG9Of[Q,n%q","parent":"iW%`LPwoy{JX_ik6[;Cu","inputs":{"VALUE":[1,[4,-2]]},"fields":{"VARIABLE":["salto","nF^WZ1nY#QZ+ygG{rGA]-salto-"]},"shadow":false,"topLevel":false},"j*HLK,xY%EG9Of[Q,n%q":{"opcode":"motion_changeyby","next":"i/H@:bBn/xsb_5PUePwb","parent":"{:X9`=s@sAcMuOG3`o[4","inputs":{"DY":[3,[12,"salto","nF^WZ1nY#QZ+ygG{rGA]-salto-"],[4,10]]},"fields":{},"shadow":false,"topLevel":false},"i/H@:bBn/xsb_5PUePwb":{"opcode":"motion_pointindirection","next":"`Q74Qlv2E|GCtJJ#?gEX","parent":"j*HLK,xY%EG9Of[Q,n%q","inputs":{"DIRECTION":[3,[12,"direzione","nF^WZ1nY#QZ+ygG{rGA]-direzione-"],[8,10]]},"fields":{},"shadow":false,"topLevel":false},"`Q74Qlv2E|GCtJJ#?gEX":{"opcode":"data_changevariableby","next":null,"parent":"i/H@:bBn/xsb_5PUePwb","inputs":{"VALUE":[1,[4,4]]},"fields":{"VARIABLE":["direzione","nF^WZ1nY#QZ+ygG{rGA]-direzione-"]},"shadow":false,"topLevel":false},":x`kpxKM`ziqo[s[GKGs":{"opcode":"event_whenflagclicked","next":"o/nu5DV}HJ3BeMK!BY:o","parent":null,"inputs":{},"fields":{},"shadow":false,"topLevel":true,"x":353,"y":26},"o/nu5DV}HJ3BeMK!BY:o":{"opcode":"motion_pointindirection","next":"Tx,@ZvB0JyJ1glP,7mgU","parent":":x`kpxKM`ziqo[s[GKGs","inputs":{"DIRECTION":[1,[8,90]]},"fields":{},"shadow":false,"topLevel":false},"Tx,@ZvB0JyJ1glP,7mgU":{"opcode":"looks_show","next":".#h7X`LM2+udPTqprjYo","parent":"o/nu5DV}HJ3BeMK!BY:o","inputs":{},"fields":{},"shadow":false,"topLevel":false},".#h7X`LM2+udPTqprjYo":{"opcode":"looks_setsizeto","next":"n{VNNLsAgV%|`^-WxCKa","parent":"Tx,@ZvB0JyJ1glP,7mgU","inputs":{"SIZE":[1,[4,15]]},"fields":{},"shadow":false,"topLevel":false},"n{VNNLsAgV%|`^-WxCKa":{"opcode":"motion_gotoxy","next":"xB[`5n(Sr^U:vUg0t5kW","parent":".#h7X`LM2+udPTqprjYo","inputs":{"X":[1,[4,-100]],"Y":[1,[4,16]]},"fields":{},"shadow":false,"topLevel":false},"xB[`5n(Sr^U:vUg0t5kW":{"opcode":"control_forever","next":null,"parent":"n{VNNLsAgV%|`^-WxCKa","inputs":{"SUBSTACK":[2,"{)I{`0Bg(iyF+i;p-[RD"]},"fields":{},"shadow":false,"topLevel":false},"{)I{`0Bg(iyF+i;p-[RD":{"opcode":"looks_nextcostume","next":"^Gnr1B7DY/v;?e0O!(F!","parent":"xB[`5n(Sr^U:vUg0t5kW","inputs":{},"fields":{},"shadow":false,"topLevel":false},"^Gnr1B7DY/v;?e0O!(F!":{"opcode":"control_wait","next":"xk@{?39#R*G6TC0U0El5","parent":"{)I{`0Bg(iyF+i;p-[RD","inputs":{"DURATION":[1,[5,0.1]]},"fields":{},"shadow":false,"topLevel":false},"xk@{?39#R*G6TC0U0El5":{"opcode":"control_if","next":null,"parent":"^Gnr1B7DY/v;?e0O!(F!","inputs":{"CONDITION":[2,"__h(vuE0B=VTH[%Q(8r)"],"SUBSTACK":[2,"_b8(#^TlWHMF9Lq{K|#a"]},"fields":{},"shadow":false,"topLevel":false},"__h(vuE0B=VTH[%Q(8r)":{"opcode":"sensing_touchingobject","next":null,"parent":"xk@{?39#R*G6TC0U0El5","inputs":{"TOUCHINGOBJECTMENU":[1,"{lD/bx{nJ[EL0wNx:o.D"]},"fields":{},"shadow":false,"topLevel":false},"{lD/bx{nJ[EL0wNx:o.D":{"opcode":"sensing_touchingobjectmenu","next":null,"parent":"__h(vuE0B=VTH[%Q(8r)","inputs":{},"fields":{"TOUCHINGOBJECTMENU":["base"]},"shadow":true,"topLevel":false},"_b8(#^TlWHMF9Lq{K|#a":{"opcode":"event_broadcast","next":null,"parent":"xk@{?39#R*G6TC0U0El5","inputs":{"BROADCAST_INPUT":[1,[11,"gameover","broadcastMsgId-gameover"]]},"fields":{},"shadow":false,"topLevel":false}},"comments":{},"currentCostume":0,"costumes":[{"assetId":"bc6daca858c7b1e65b7864bf7e8a99fc","name":"bird","bitmapResolution":2,"md5ext":"bc6daca858c7b1e65b7864bf7e8a99fc.png","dataFormat":"png","rotationCenterX":224,"rotationCenterY":160},{"assetId":"1e36e380c27ad03764f1154e491c0270","name":"bird1","bitmapResolution":2,"md5ext":"1e36e380c27ad03764f1154e491c0270.png","dataFormat":"png","rotationCenterX":220,"rotationCenterY":160}],"sounds":[{"assetId":"83a9787d4cb6f3b7632b4ddfebf74367","name":"pop","dataFormat":"wav","format":"","rate":44100,"sampleCount":1032,"md5ext":"83a9787d4cb6f3b7632b4ddfebf74367.wav"},{"assetId":"dddbcbdb4b5e6b3c56763e9f80f5fd9e","name":"Flap","dataFormat":"wav","format":"","rate":44100,"sampleCount":14006,"md5ext":"dddbcbdb4b5e6b3c56763e9f80f5fd9e.wav"}],"volume":100,"visible":false,"x":-100,"y":-21,"size":15,"direction":99,"draggable":false,"rotationStyle":"all around"}